Variant,Seed_Sample,TM-score vs chemokine,TM-score vs dimer,pLDDT
anc0,seed-2_sample-1,0.73629,0.36158,86.79942418426104
,seed-1_sample-3,0.73443,0.3638,86.58568138195777
,seed-3_sample-1,0.72649,0.36667,86.36007677543186
,seed-5_sample-4,0.73625,0.3655,86.22834932821497
,seed-3_sample-4,0.73646,0.36892,86.10097888675624
,seed-1_sample-2,0.73732,0.36609,85.94763915547026
,seed-4_sample-1,0.7343,0.36315,85.8725527831094
,seed-4_sample-2,0.74512,0.36408,85.81174664107486
,seed-3_sample-3,0.7331,0.36606,85.7916122840691
,seed-4_sample-3,0.72393,0.35671,85.66654510556621
,seed-1_sample-4,0.73718,0.37024,85.6342226487524
,seed-2_sample-0,0.72497,0.36651,85.19220729366603
,seed-2_sample-3,0.73315,0.35934,85.12088291746642
,seed-4_sample-4,0.73206,0.36106,84.9998272552783
,seed-3_sample-0,0.7302,0.36909,84.94729366602687
,seed-1_sample-1,0.73235,0.36173,84.83902111324376
,seed-5_sample-3,0.73093,0.35252,84.80671785028791
,seed-2_sample-2,0.72593,0.35697,84.6290019193858
,seed-5_sample-2,0.73034,0.3585,84.58257197696737
,seed-5_sample-0,0.73919,0.36521,84.51195777351248
,seed-5_sample-1,0.73681,0.36223,84.43197696737045
,seed-2_sample-4,0.72959,0.36313,84.20842610364683
,seed-1_sample-0,0.73978,0.36363,84.02207293666027
,seed-3_sample-2,0.74769,0.36321,84.01909788867562
,seed-4_sample-0,0.73541,0.35327,82.95994241842611
anc2,seed-1_sample-2,0.7364,0.36939,84.2130608365019
,seed-5_sample-3,0.68564,0.34398,83.40427756653992
,seed-5_sample-4,0.71913,0.36251,83.37201520912548
,seed-2_sample-0,0.7356,0.40297,83.28574144486691
,seed-2_sample-2,0.71436,0.36294,83.25461977186312
,seed-3_sample-2,0.73963,0.36628,83.1665969581749
,seed-1_sample-3,0.71285,0.32919,82.92235741444867
,seed-4_sample-4,0.74507,0.36442,82.89994296577947
,seed-1_sample-0,0.72687,0.33657,82.73378326996198
,seed-5_sample-0,0.74125,0.37472,82.7280608365019
,seed-3_sample-3,0.72424,0.37036,82.26872623574144
,seed-4_sample-0,0.72777,0.36484,82.1628897338403
,seed-4_sample-2,0.74048,0.35772,81.91619771863118
,seed-2_sample-3,0.71879,0.34685,81.88891634980989
,seed-3_sample-4,0.7769,0.35662,81.62536121673004
,seed-2_sample-1,0.74022,0.3706,81.35262357414449
,seed-3_sample-1,0.70329,0.37331,81.33832699619772
,seed-3_sample-0,0.73578,0.36602,81.31735741444867
,seed-4_sample-3,0.71523,0.37277,81.25437262357414
,seed-1_sample-4,0.72776,0.35512,81.2069391634981
,seed-1_sample-1,0.78231,0.38123,80.47260456273764
,seed-5_sample-2,0.73433,0.33185,79.9327186311787
,seed-2_sample-4,0.72917,0.35262,79.30747148288974
,seed-4_sample-1,0.75536,0.3662,79.27389733840305
,seed-5_sample-1,0.72657,0.31032,79.13450570342205
anc2a,seed-1_sample-0,0.74473,0.33654,85.29794230769231
,seed-2_sample-2,0.73554,0.37635,84.79988461538461
,seed-4_sample-2,0.7351,0.37753,84.45090384615385
,seed-3_sample-2,0.73334,0.3658,84.13188461538462
,seed-1_sample-3,0.73766,0.38501,84.02588461538461
,seed-4_sample-4,0.75293,0.35343,83.86182692307692
,seed-3_sample-1,0.72657,0.38687,83.81448076923077
,seed-3_sample-3,0.71379,0.36236,83.76171153846154
,seed-5_sample-4,0.72931,0.33436,83.74115384615385
,seed-4_sample-0,0.73797,0.32484,83.69823076923078
,seed-3_sample-4,0.74497,0.38574,83.59434615384616
,seed-1_sample-1,0.7567,0.33103,83.57851923076923
,seed-1_sample-4,0.72254,0.36329,83.33505769230769
,seed-5_sample-3,0.70669,0.33829,83.32978846153846
,seed-5_sample-2,0.71587,0.33691,83.19444230769231
,seed-4_sample-1,0.73359,0.3312,83.1115576923077
,seed-2_sample-0,0.7323,0.39793,82.98246153846154
,seed-2_sample-1,0.72833,0.35222,82.93334615384616
,seed-5_sample-0,0.72982,0.37402,82.86519230769231
,seed-2_sample-4,0.71344,0.32746,82.78440384615385
,seed-3_sample-0,0.73336,0.40215,82.30476923076922
,seed-5_sample-1,0.72765,0.32088,82.26738461538461
,seed-4_sample-3,0.76164,0.3815,82.06073076923077
,seed-1_sample-2,0.74418,0.40014,81.80532692307692
,seed-2_sample-3,0.73757,0.37546,81.32036538461539
anc2b,seed-4_sample-3,0.7195,0.39706,84.4095238095238
,seed-4_sample-2,0.7313,0.39531,84.32925714285714
,seed-3_sample-0,0.7286,0.40393,84.23580952380952
,seed-2_sample-2,0.73529,0.36288,84.19369523809524
,seed-2_sample-0,0.72733,0.39409,84.17558095238095
,seed-4_sample-0,0.73892,0.39264,84.1100380952381
,seed-3_sample-3,0.7253,0.39145,84.06617142857142
,seed-4_sample-4,0.73021,0.3882,84.01104761904762
,seed-1_sample-3,0.73562,0.37144,83.8868
,seed-3_sample-1,0.72511,0.40204,83.73613333333333
,seed-5_sample-0,0.73287,0.38357,83.37055238095238
,seed-1_sample-2,0.72903,0.39194,83.34030476190476
,seed-4_sample-1,0.74505,0.37987,83.31133333333334
,seed-3_sample-2,0.76344,0.38654,83.09790476190476
,seed-3_sample-4,0.7412,0.37815,82.96834285714286
,seed-1_sample-4,0.72032,0.36279,82.92167619047619
,seed-5_sample-3,0.70974,0.3925,82.8040380952381
,seed-1_sample-0,0.73359,0.3703,82.7455238095238
,seed-5_sample-4,0.73066,0.36394,82.62771428571429
,seed-1_sample-1,0.76487,0.37551,82.61118095238095
,seed-5_sample-2,0.72542,0.35194,82.06859047619048
,seed-2_sample-1,0.72815,0.38488,81.6647238095238
,seed-2_sample-3,0.74495,0.3883,81.59937142857143
,seed-5_sample-1,0.74179,0.36699,81.52171428571428
,seed-2_sample-4,0.71836,0.36307,81.0476380952381
anc2c,seed-4_sample-3,0.7652,0.37168,87.42452793834296
,seed-3_sample-1,0.75336,0.37435,85.60805394990366
,seed-4_sample-0,0.76351,0.36208,85.39832369942197
,seed-2_sample-3,0.77343,0.36294,85.39778420038536
,seed-5_sample-2,0.74421,0.35573,85.28296724470135
,seed-2_sample-2,0.75236,0.36273,85.12876685934489
,seed-2_sample-0,0.73659,0.34685,85.07223506743738
,seed-3_sample-4,0.76127,0.34906,84.9820809248555
,seed-4_sample-4,0.75289,0.3608,84.87306358381502
,seed-3_sample-2,0.75322,0.36092,84.59872832369942
,seed-4_sample-1,0.75446,0.36015,84.5858766859345
,seed-2_sample-1,0.74369,0.34886,84.55705202312139
,seed-5_sample-0,0.75581,0.35539,84.55693641618497
,seed-5_sample-4,0.72691,0.35957,84.27597302504817
,seed-3_sample-0,0.76394,0.36264,83.90820809248555
,seed-3_sample-3,0.77472,0.35524,83.47724470134875
,seed-1_sample-2,0.73941,0.3641,83.35123314065511
,seed-5_sample-1,0.77459,0.35195,83.26996146435452
,seed-1_sample-4,0.76344,0.35509,83.15073217726398
,seed-4_sample-2,0.74504,0.35653,83.11115606936416
,seed-1_sample-3,0.76382,0.36213,82.76639691714836
,seed-1_sample-1,0.77361,0.33489,82.48782273603084
,seed-2_sample-4,0.78007,0.35323,81.83447013487476
,seed-1_sample-0,0.72964,0.32811,81.77354527938343
,seed-5_sample-3,0.75857,0.36163,81.34023121387283
anc2d,seed-3_sample-2,0.73836,0.3663,85.1355238095238
,seed-1_sample-2,0.72694,0.39995,84.33979047619047
,seed-3_sample-0,0.73119,0.38263,84.10215238095238
,seed-2_sample-2,0.73599,0.37547,84.04238095238095
,seed-4_sample-2,0.73328,0.38735,84.02678095238095
,seed-3_sample-4,0.74283,0.38113,84.00729523809524
,seed-4_sample-4,0.72997,0.38384,83.9348
,seed-2_sample-0,0.72732,0.38755,83.91569523809524
,seed-4_sample-0,0.76247,0.38146,83.83163809523809
,seed-3_sample-3,0.72398,0.37862,83.82291428571429
,seed-1_sample-3,0.74228,0.36386,83.69127619047619
,seed-1_sample-0,0.7408,0.36215,83.54982857142858
,seed-5_sample-0,0.73166,0.37291,83.34577142857142
,seed-1_sample-4,0.74828,0.35117,83.2180761904762
,seed-3_sample-1,0.73035,0.3987,82.92531428571428
,seed-4_sample-3,0.71242,0.37632,82.76733333333334
,seed-5_sample-2,0.72179,0.34264,82.68630476190476
,seed-5_sample-4,0.73265,0.33917,82.57460952380953
,seed-4_sample-1,0.73357,0.37578,82.57268571428571
,seed-1_sample-1,0.76694,0.33776,82.50413333333333
,seed-2_sample-4,0.71738,0.37679,82.3948380952381
,seed-2_sample-1,0.72412,0.35772,81.73485714285714
,seed-5_sample-3,0.70938,0.38039,81.72531428571429
,seed-5_sample-1,0.72812,0.36198,81.48100952380952
,seed-2_sample-3,0.73772,0.38156,80.9760380952381
anc2e,seed-4_sample-2,0.73311,0.38823,84.4242226487524
,seed-1_sample-1,0.74031,0.36891,84.37763915547025
,seed-3_sample-3,0.72314,0.38454,84.37355086372361
,seed-1_sample-4,0.73387,0.37162,84.13798464491363
,seed-2_sample-2,0.73559,0.36482,84.07760076775432
,seed-3_sample-1,0.7256,0.40223,84.02397312859885
,seed-3_sample-2,0.74143,0.37027,84.01499040307101
,seed-4_sample-4,0.74312,0.37148,83.71535508637236
,seed-3_sample-0,0.7318,0.3982,83.65865642994241
,seed-3_sample-4,0.74355,0.37087,83.63412667946257
,seed-4_sample-0,0.76308,0.36341,83.62059500959693
,seed-5_sample-3,0.72845,0.38475,83.37491362763916
,seed-5_sample-0,0.73604,0.37846,83.01708253358925
,seed-2_sample-0,0.7344,0.39883,82.92159309021113
,seed-5_sample-4,0.73331,0.33915,82.78873320537429
,seed-1_sample-2,0.74198,0.39664,82.77071017274473
,seed-1_sample-3,0.74368,0.37569,82.632226487524
,seed-5_sample-2,0.73929,0.35796,82.57053742802303
,seed-2_sample-1,0.73228,0.36882,82.47568138195777
,seed-5_sample-1,0.76823,0.34561,82.27696737044145
,seed-1_sample-0,0.73402,0.34717,82.22664107485605
,seed-4_sample-1,0.74498,0.37074,82.20122840690979
,seed-4_sample-3,0.76676,0.37992,81.48781190019194
,seed-2_sample-3,0.7332,0.38237,81.4332821497121
,seed-2_sample-4,0.72734,0.35384,80.9036660268714
anc2f,seed-3_sample-2,0.74267,0.36648,83.63517045454546
,seed-3_sample-3,0.72676,0.37147,82.79600378787879
,seed-1_sample-3,0.75539,0.38462,82.7105303030303
,seed-3_sample-1,0.73288,0.40153,82.58507575757575
,seed-4_sample-2,0.74074,0.38748,82.54151515151516
,seed-2_sample-0,0.72822,0.39099,82.44066287878788
,seed-3_sample-0,0.73982,0.39456,82.37532196969697
,seed-1_sample-2,0.73518,0.40638,82.24452651515152
,seed-1_sample-1,0.7523,0.3883,82.02316287878787
,seed-4_sample-4,0.73191,0.38054,81.97839015151516
,seed-2_sample-2,0.74632,0.37823,81.95371212121212
,seed-1_sample-4,0.73739,0.35816,81.9398106060606
,seed-2_sample-4,0.73288,0.36594,81.50545454545454
,seed-3_sample-4,0.7591,0.36349,81.48554924242424
,seed-5_sample-0,0.73784,0.37698,81.44371212121212
,seed-5_sample-2,0.74108,0.34779,81.32435606060606
,seed-4_sample-0,0.74414,0.34253,81.17255681818182
,seed-4_sample-1,0.73749,0.37757,80.97272727272727
,seed-5_sample-4,0.7459,0.36637,80.95424242424242
,seed-2_sample-1,0.75421,0.36729,80.91339015151515
,seed-5_sample-1,0.75387,0.36189,80.78613636363636
,seed-4_sample-3,0.72227,0.37761,80.76729166666667
,seed-1_sample-0,0.72985,0.35988,80.3544696969697
,seed-2_sample-3,0.73707,0.38226,79.86486742424242
,seed-5_sample-3,0.71928,0.38055,79.57609848484849
anc2g,seed-2_sample-0,0.73672,0.35505,87.01448076923077
,seed-3_sample-0,0.76256,0.3682,85.91319230769231
,seed-4_sample-0,0.76239,0.36375,85.81917307692308
,seed-2_sample-2,0.7585,0.36671,85.68963461538462
,seed-4_sample-4,0.76938,0.36692,85.51140384615384
,seed-2_sample-3,0.7574,0.36353,85.37275
,seed-5_sample-2,0.74644,0.3624,85.27192307692307
,seed-1_sample-1,0.75541,0.35071,85.14425
,seed-3_sample-4,0.75666,0.3523,85.12830769230769
,seed-4_sample-1,0.75284,0.36479,84.9950576923077
,seed-5_sample-4,0.73746,0.3605,84.96217307692308
,seed-3_sample-1,0.75247,0.37498,84.94
,seed-5_sample-0,0.75312,0.3581,84.67761538461538
,seed-2_sample-1,0.74773,0.35413,84.28836538461539
,seed-3_sample-2,0.74982,0.36044,84.06546153846153
,seed-1_sample-4,0.74927,0.35765,83.86051923076923
,seed-5_sample-1,0.77746,0.35562,83.75236538461539
,seed-4_sample-2,0.74037,0.35556,83.72948076923078
,seed-1_sample-2,0.73583,0.37056,83.66555769230769
,seed-4_sample-3,0.76539,0.3479,83.6008076923077
,seed-3_sample-3,0.77343,0.35612,83.29226923076924
,seed-5_sample-3,0.75568,0.3587,83.03155769230769
,seed-1_sample-3,0.76969,0.36845,82.93663461538462
,seed-2_sample-4,0.78489,0.35765,82.8486923076923
,seed-1_sample-0,0.73567,0.33016,81.74242307692307
anc2h,seed-4_sample-0,0.4108,0.54099,64.90527027027026
,seed-2_sample-2,0.41317,0.54398,64.10521235521236
,seed-4_sample-2,0.41902,0.54061,63.907741312741315
,seed-5_sample-1,0.42122,0.56441,63.74353281853282
,seed-1_sample-2,0.42764,0.54579,63.268455598455596
,seed-5_sample-4,0.41723,0.56968,63.22542471042471
,seed-1_sample-1,0.41607,0.53331,63.181467181467184
,seed-4_sample-3,0.40986,0.56721,62.84805019305019
,seed-2_sample-0,0.42553,0.55563,62.83513513513513
,seed-1_sample-3,0.40363,0.56218,62.723571428571425
,seed-1_sample-0,0.41365,0.5616,62.71953667953668
,seed-3_sample-0,0.43525,0.51345,62.640521235521234
,seed-2_sample-1,0.42259,0.55654,62.5923166023166
,seed-2_sample-4,0.39887,0.51638,62.42971042471042
,seed-5_sample-0,0.44663,0.55489,62.299459459459456
,seed-3_sample-3,0.41835,0.56568,62.20297297297297
,seed-3_sample-4,0.43547,0.55637,62.196486486486485
,seed-5_sample-2,0.41751,0.54776,61.84449806949807
,seed-5_sample-3,0.37178,0.3998,57.20776061776062
,seed-3_sample-1,0.33397,0.42104,55.18266409266409
,seed-3_sample-2,0.29823,0.40842,54.984362934362935
,seed-4_sample-4,0.34565,0.39424,54.49928571428571
,seed-1_sample-4,0.3319,0.39918,53.97689189189189
,seed-2_sample-3,0.33035,0.36266,53.9111776061776
,seed-4_sample-1,0.32213,0.39548,52.80301158301158
anc2i,seed-2_sample-2,0.41286,0.54675,63.786030828516374
,seed-5_sample-1,0.41782,0.56929,63.54801541425819
,seed-1_sample-2,0.4287,0.5243,63.41809248554913
,seed-5_sample-4,0.41551,0.57368,63.20369942196532
,seed-1_sample-0,0.4116,0.5641,62.95242774566474
,seed-4_sample-3,0.40995,0.57131,62.89974951830443
,seed-3_sample-0,0.43654,0.47746,62.720366088631984
,seed-1_sample-1,0.41604,0.53708,62.64342967244701
,seed-4_sample-2,0.41801,0.57609,62.59364161849711
,seed-1_sample-3,0.40508,0.56704,62.419537572254335
,seed-5_sample-3,0.35288,0.49548,62.3940655105973
,seed-2_sample-0,0.42711,0.55941,62.33462427745665
,seed-5_sample-0,0.44409,0.55983,62.319248554913294
,seed-2_sample-4,0.39731,0.51766,62.256204238921
,seed-3_sample-4,0.43402,0.56003,62.20768786127168
,seed-4_sample-0,0.40892,0.51693,61.885510597302506
,seed-5_sample-2,0.41715,0.55817,61.862061657032754
,seed-3_sample-3,0.4137,0.56716,61.85481695568401
,seed-2_sample-1,0.37426,0.5494,61.4783429672447
,seed-4_sample-4,0.34894,0.39648,55.59703275529865
,seed-3_sample-2,0.33561,0.41034,55.534836223506744
,seed-3_sample-1,0.33252,0.40292,54.923256262042386
,seed-2_sample-3,0.33893,0.35745,54.85485549132948
,seed-1_sample-4,0.30003,0.40894,54.35396917148362
,seed-4_sample-1,0.32833,0.39637,53.422023121387284
anc2j,seed-4_sample-2,0.50337,0.37601,76.05029239766083
,seed-5_sample-1,0.50768,0.37665,75.90438596491228
,seed-1_sample-4,0.48223,0.37085,74.90343079922027
,seed-1_sample-1,0.50509,0.37529,74.02600389863548
,seed-2_sample-0,0.50801,0.40345,73.81654970760233
,seed-4_sample-3,0.51969,0.36922,73.33237816764132
,seed-1_sample-3,0.49157,0.39774,73.10945419103314
,seed-3_sample-3,0.49201,0.39554,72.61413255360624
,seed-3_sample-4,0.49848,0.38394,72.10251461988304
,seed-2_sample-1,0.51987,0.3633,72.02705653021442
,seed-5_sample-0,0.52637,0.37843,71.83730994152047
,seed-2_sample-2,0.46044,0.36073,71.6774074074074
,seed-4_sample-0,0.47561,0.41003,71.64510721247564
,seed-1_sample-0,0.51002,0.37067,71.22270955165692
,seed-3_sample-1,0.50901,0.38351,70.89543859649123
,seed-2_sample-3,0.52339,0.37834,70.87795321637427
,seed-3_sample-2,0.50522,0.38526,70.75608187134503
,seed-4_sample-1,0.50952,0.35865,70.57263157894737
,seed-2_sample-4,0.50917,0.36725,70.45315789473685
,seed-5_sample-2,0.51591,0.36842,70.37157894736842
,seed-5_sample-3,0.48618,0.37912,70.1185575048733
,seed-1_sample-2,0.52957,0.36345,70.06619883040936
,seed-4_sample-4,0.48084,0.38916,69.93563352826511
,seed-5_sample-4,0.48583,0.38266,69.61647173489278
,seed-3_sample-0,0.50929,0.36329,69.53167641325535
anc2k,seed-2_sample-2,0.32864,0.58093,54.97974708171206
,seed-4_sample-0,0.34102,0.59891,54.89608949416343
,seed-2_sample-0,0.49935,0.57429,54.59190661478599
,seed-1_sample-2,0.34362,0.56899,54.47231517509728
,seed-5_sample-4,0.33979,0.58907,54.37184824902724
,seed-5_sample-3,0.40974,0.58826,54.35587548638132
,seed-4_sample-3,0.34255,0.59472,54.26453307392996
,seed-1_sample-0,0.39455,0.5545,54.2372373540856
,seed-2_sample-4,0.3419,0.58568,54.23278210116732
,seed-3_sample-4,0.39776,0.59454,54.17437743190661
,seed-4_sample-2,0.34192,0.60919,53.81219844357977
,seed-3_sample-0,0.31359,0.57208,53.71387159533074
,seed-2_sample-1,0.32728,0.59231,53.54029182879378
,seed-5_sample-2,0.29948,0.54572,53.23274319066148
,seed-3_sample-3,0.33867,0.55735,53.198949416342415
,seed-4_sample-4,0.30864,0.57304,53.06721789883269
,seed-1_sample-4,0.48861,0.50747,51.841400778210115
,seed-1_sample-1,0.35968,0.46697,51.66655642023346
,seed-3_sample-1,0.32316,0.46119,50.753871595330736
,seed-3_sample-2,0.32964,0.45771,50.29103112840467
,seed-5_sample-1,0.33204,0.45989,50.10982490272374
,seed-5_sample-0,0.32536,0.45628,49.801322957198444
,seed-1_sample-3,0.3386,0.45982,49.605933852140076
,seed-2_sample-3,0.33002,0.44937,49.45476653696498
,seed-4_sample-1,0.33052,0.4395,49.413249027237356
anc2l,seed-5_sample-3,0.72697,0.39665,83.56803088803089
,seed-3_sample-2,0.73114,0.38389,81.43704633204634
,seed-3_sample-0,0.7305,0.40138,81.41059845559846
,seed-1_sample-4,0.73238,0.39424,81.22507722007722
,seed-4_sample-0,0.72997,0.35112,81.05758687258687
,seed-3_sample-4,0.73514,0.39208,80.91776061776062
,seed-5_sample-0,0.74586,0.38255,80.88372586872588
,seed-4_sample-4,0.73368,0.38006,80.84675675675676
,seed-5_sample-4,0.7272,0.37302,80.4892084942085
,seed-1_sample-3,0.73836,0.36825,80.41474903474904
,seed-2_sample-3,0.73644,0.3875,80.31517374517375
,seed-3_sample-1,0.73289,0.40205,80.29415057915058
,seed-1_sample-1,0.75064,0.37892,80.25789575289575
,seed-2_sample-0,0.73043,0.39925,80.185
,seed-2_sample-1,0.72558,0.3371,80.18332046332047
,seed-1_sample-2,0.74367,0.38386,80.02283783783784
,seed-4_sample-2,0.73716,0.39279,79.99704633204634
,seed-2_sample-2,0.7274,0.39564,79.92158301158301
,seed-5_sample-1,0.73582,0.37908,79.88384169884169
,seed-1_sample-0,0.75293,0.3582,79.82905405405405
,seed-3_sample-3,0.73932,0.37962,79.40911196911198
,seed-5_sample-2,0.73773,0.35916,79.22220077220078
,seed-4_sample-3,0.73515,0.3764,79.07071428571429
,seed-2_sample-4,0.71891,0.36509,78.91949806949808
,seed-4_sample-1,0.72917,0.36078,77.57984555984557
anc2m,seed-2_sample-0,0.34311,0.59638,59.044046692607004
,seed-5_sample-1,0.34468,0.60854,58.448132295719844
,seed-2_sample-1,0.33957,0.59977,58.36476653696498
,seed-4_sample-0,0.34278,0.59949,58.304591439688714
,seed-1_sample-2,0.34009,0.59955,58.28410505836576
,seed-1_sample-1,0.34026,0.61249,58.0536186770428
,seed-3_sample-0,0.34254,0.58407,57.98463035019455
,seed-4_sample-4,0.34364,0.58403,57.95406614785992
,seed-3_sample-1,0.34659,0.59748,57.77285992217899
,seed-4_sample-2,0.34249,0.60127,57.77108949416343
,seed-3_sample-4,0.34839,0.6131,57.688054474708174
,seed-3_sample-3,0.33902,0.56826,57.31066147859922
,seed-2_sample-4,0.34077,0.58547,57.03544747081712
,seed-4_sample-3,0.37095,0.51543,56.047217898832685
,seed-1_sample-3,0.37316,0.48181,55.79429961089494
,seed-3_sample-2,0.34432,0.43811,55.600252918287936
,seed-2_sample-2,0.33714,0.42429,55.475175097276264
,seed-5_sample-2,0.41264,0.44923,54.70852140077821
,seed-5_sample-3,0.33319,0.42489,54.60986381322957
,seed-2_sample-3,0.34441,0.45117,54.274571984435795
,seed-5_sample-4,0.3307,0.432,54.226459143968874
,seed-1_sample-4,0.3296,0.46384,53.94011673151751
,seed-1_sample-0,0.33132,0.41981,53.634163424124516
,seed-5_sample-0,0.30822,0.43117,53.618035019455256
,seed-4_sample-1,0.33476,0.44777,53.08214007782101
anc2n,seed-3_sample-0,0.34424,0.57777,56.98421052631579
,seed-4_sample-4,0.30907,0.51402,56.71448343079922
,seed-3_sample-1,0.3441,0.57952,56.65682261208577
,seed-4_sample-2,0.29947,0.51661,56.57576998050682
,seed-5_sample-0,0.30987,0.51387,56.28050682261209
,seed-2_sample-1,0.3121,0.55159,56.24576998050682
,seed-2_sample-0,0.33092,0.56273,56.16103313840156
,seed-3_sample-4,0.3263,0.52053,56.14495126705653
,seed-5_sample-1,0.34322,0.58793,56.09343079922027
,seed-1_sample-2,0.33835,0.58349,56.06037037037037
,seed-5_sample-2,0.32006,0.51897,56.05329434697856
,seed-4_sample-0,0.30382,0.53092,56.000428849902534
,seed-4_sample-3,0.3417,0.58962,55.930038986354774
,seed-3_sample-3,0.3069,0.54971,55.90007797270955
,seed-1_sample-3,0.34397,0.56577,55.766920077972706
,seed-1_sample-0,0.33386,0.57915,55.68890838206627
,seed-2_sample-4,0.30392,0.50979,55.359025341130604
,seed-1_sample-1,0.37036,0.52489,54.78961013645224
,seed-3_sample-2,0.3598,0.44138,53.7558089668616
,seed-1_sample-4,0.36807,0.3889,52.244931773879145
,seed-5_sample-4,0.3329,0.43314,51.75808966861599
,seed-5_sample-3,0.3542,0.44726,51.63504873294347
,seed-2_sample-2,0.33187,0.42828,51.43769980506823
,seed-2_sample-3,0.33247,0.39948,51.377329434697856
,seed-4_sample-1,0.33252,0.44597,50.87243664717349
anc3,seed-3_sample-1,0.33421,0.58639,62.180846153846154
,seed-5_sample-3,0.34502,0.59578,61.94592307692308
,seed-3_sample-0,0.33228,0.54007,61.777692307692305
,seed-5_sample-1,0.29701,0.57725,61.67792307692308
,seed-2_sample-4,0.34821,0.5834,61.63671153846154
,seed-4_sample-0,0.34106,0.58648,61.52132692307692
,seed-1_sample-0,0.3148,0.57494,61.432153846153845
,seed-2_sample-3,0.32821,0.58512,61.40038461538462
,seed-5_sample-0,0.31999,0.58019,61.36453846153846
,seed-1_sample-1,0.31949,0.58462,61.35878846153846
,seed-4_sample-4,0.32652,0.58862,61.332076923076926
,seed-5_sample-2,0.32121,0.58936,61.24686538461538
,seed-3_sample-3,0.31519,0.59007,61.20578846153846
,seed-2_sample-0,0.30991,0.57949,61.20365384615385
,seed-1_sample-3,0.28876,0.59408,61.13917307692308
,seed-1_sample-2,0.26501,0.57106,60.67111538461538
,seed-4_sample-3,0.30346,0.58662,60.60109615384616
,seed-4_sample-2,0.32477,0.58027,60.15005769230769
,seed-5_sample-4,0.33014,0.57897,60.12311538461538
,seed-3_sample-4,0.40423,0.58805,60.09534615384615
,seed-2_sample-2,0.32007,0.57526,59.672769230769234
,seed-2_sample-1,0.29452,0.56049,59.66526923076923
,seed-3_sample-2,0.34761,0.45055,54.25434615384616
,seed-1_sample-4,0.36404,0.42376,53.79096153846154
,seed-4_sample-1,0.33073,0.45171,52.73659615384615
anc4,seed-1_sample-0,0.33339,0.59535,56.80535104364326
,seed-2_sample-3,0.33408,0.61105,56.744535104364324
,seed-2_sample-1,0.31675,0.59186,56.69675521821632
,seed-3_sample-1,0.33583,0.60234,56.67394686907021
,seed-2_sample-2,0.33725,0.60636,56.53375711574952
,seed-1_sample-4,0.33669,0.60514,56.23681214421252
,seed-4_sample-3,0.34042,0.61392,56.05696394686907
,seed-5_sample-4,0.33887,0.60186,55.75449715370019
,seed-5_sample-2,0.34012,0.5923,55.73404174573055
,seed-4_sample-4,0.34252,0.5955,55.725445920303606
,seed-4_sample-0,0.33279,0.62054,55.7111385199241
,seed-2_sample-4,0.33791,0.58611,55.62055028462998
,seed-1_sample-3,0.34212,0.60792,55.41159392789374
,seed-3_sample-3,0.33798,0.60311,55.39343453510436
,seed-3_sample-0,0.33659,0.60168,55.3322770398482
,seed-1_sample-1,0.32997,0.57246,55.300246679316885
,seed-3_sample-4,0.33583,0.60559,55.08685009487666
,seed-4_sample-2,0.35689,0.53487,54.912979127134726
,seed-1_sample-2,0.36065,0.53991,54.85590132827325
,seed-5_sample-3,0.3418,0.47077,52.9931119544592
,seed-5_sample-1,0.35022,0.45475,52.73745730550284
,seed-3_sample-2,0.31261,0.44922,52.40248576850095
,seed-2_sample-0,0.37223,0.45209,51.72220113851992
,seed-4_sample-1,0.34631,0.4572,51.57622390891841
,seed-5_sample-0,0.31988,0.43094,51.25263757115749
xcl1,seed-3_sample-1,0.2876,0.60477,62.909851851851855
,seed-5_sample-1,0.32832,0.60258,62.69014814814815
,seed-1_sample-4,0.30259,0.58481,62.31633333333333
,seed-1_sample-3,0.31593,0.59286,61.9125
,seed-3_sample-4,0.31583,0.59696,61.81011111111111
,seed-2_sample-2,0.30496,0.59167,61.23027777777778
,seed-1_sample-1,0.28195,0.60798,61.17455555555556
,seed-4_sample-1,0.29497,0.60736,61.08464814814815
,seed-5_sample-0,0.31534,0.5809,60.68911111111111
,seed-1_sample-2,0.31985,0.58204,60.68831481481482
,seed-4_sample-3,0.31846,0.59567,60.42794444444444
,seed-1_sample-0,0.31737,0.56112,60.42703703703704
,seed-5_sample-3,0.31673,0.58154,60.35883333333334
,seed-2_sample-0,0.3209,0.58152,60.25881481481481
,seed-3_sample-2,0.32099,0.58762,60.199296296296296
,seed-4_sample-2,0.30652,0.57504,60.19887037037037
,seed-5_sample-4,0.30143,0.58356,60.138777777777776
,seed-4_sample-0,0.30837,0.51605,60.10853703703704
,seed-2_sample-3,0.32421,0.57499,59.969685185185185
,seed-3_sample-0,0.35026,0.53186,59.801574074074075
,seed-2_sample-4,0.3258,0.54854,59.45812962962963
,seed-4_sample-4,0.32291,0.57389,59.38118518518519
,seed-3_sample-3,0.30182,0.54846,59.29683333333333
,seed-5_sample-2,0.30458,0.55056,58.847796296296295
,seed-2_sample-1,0.36862,0.47107,54.719425925925925
