protein,native contacts,mutated mean,mutated median
1GYZ,6,0.7779204107830552,0.0
1IFY,3,0.023564954682779457,0.0
1JIC,1,0.35397196261682246,0.0
1WCL,1,0.01660403143149983,0.0
2CJJ,5,3.345524829021707,5.0
2JVD,5,0.09345968041620216,0.0
2JVG,1,0.018823361007729744,0.0
2KCF,7,1.5323375870069607,0.0
2L6Q,2,0.33789670192906035,0.0
2L9R,5,0.3607142857142857,0.0
2LUM,12,3.2543003254300324,1.0
2M6Y,1,0.0,0.0
2M8E,2,0.2086323113720374,0.0
2M8U,7,3.2967409948542024,4.0
2MYX,3,1.072929542645241,1.0
6EWT,5,0.46883324453915826,0.0
6SOW,3,0.139761132642569,0.0
EA_run6_0680_0006,4,0.22447859495060374,0.0
EEHEE_rd3_1367,3,0.2246944795617362,0.0
HEEH_KT_rd6_0280,1,0.925236242356865,1.0
HEEH_rd4_0349,1,0.0,0.0
HHH_rd4_0870,1,0.0,0.0
KaiB,4,0.1322314049586777,0.0
XX_run6_1020_0004,6,0.014215778572773488,0.0
anc3,5,0.025925925925925925,0.0
v2R31S_R32S_2N5D,1,0.0,0.0
v2_4UZX,5,1.3186754359131232,1.0
