Rank,Residue number,Amino acid,Attention score,Normalized attention score,chain_id,Residue 3-letter,Contacts,Normalized contacts,SASA,Relative SASA
1,47,V,342.8,1.0,A,VAL,6,1.0,3.38,0.020547112462006
2,38,I,340.0,0.9805149617258176,A,ILE,5,0.8333333333333334,15.94,0.0880662983425414
3,45,L,335.2,0.9471120389700763,A,LEU,6,1.0,21.04,0.1089590885551527
4,48,C,334.0,0.9387613082811412,A,CYS,4,0.6666666666666666,14.38,0.098425735797399
5,46,K,333.8,0.9373695198329854,A,LYS,3,0.5,90.7,0.4016829052258636
6,39,F,331.2,0.9192762700069588,A,PHE,3,0.5,67.03999999999999,0.3008976660682225
7,40,I,323.8,0.8677800974251914,A,ILE,5,0.8333333333333334,34.29,0.1894475138121547
8,49,A,322.2,0.8566457898399442,A,ALA,2,0.3333333333333333,4.869999999999999,0.0412362404741744
9,36,A,319.0,0.8343771746694502,A,ALA,5,0.8333333333333334,0.8300000000000001,0.0070279424216765
10,37,V,318.2,0.8288100208768265,A,VAL,4,0.6666666666666666,17.35,0.1054711246200608
11,11,C,310.8,0.7773138482950592,A,CYS,2,0.3333333333333333,62.17,0.4255304585900069
12,12,V,307.0,0.7508698677800973,A,VAL,0,0.0,72.11,0.4383586626139817
13,27,Y,306.5,0.7473903966597076,A,TYR,2,0.3333333333333333,103.95,0.4389780405405404
14,14,L,305.5,0.7404314544189283,A,LEU,4,0.6666666666666666,47.27,0.2447954427757638
15,29,I,305.2,0.7383437717466944,A,ILE,4,0.6666666666666666,60.56,0.334585635359116
16,50,D,302.5,0.7195546276965901,A,ASP,3,0.5,27.110000000000003,0.170825456836799
17,55,W,300.0,0.7021572720946415,A,TRP,4,0.6666666666666666,40.510000000000005,0.1521216672925272
18,60,V,299.0,0.6951983298538622,A,VAL,2,0.3333333333333333,20.56,0.1249848024316109
19,56,V,298.8,0.6938065414057064,A,VAL,3,0.5,11.91,0.0724012158054711
20,35,R,294.8,0.6659707724425887,A,ARG,4,0.6666666666666666,97.28,0.38
21,63,M,294.8,0.6659707724425887,A,MET,4,0.6666666666666666,69.68,0.3425762045231072
22,26,T,293.5,0.6569241475295755,A,THR,2,0.3333333333333333,75.59,0.495672131147541
23,13,S,293.2,0.6548364648573416,A,SER,1,0.16666666666666666,71.94,0.5542372881355931
24,10,T,293.0,0.6534446764091858,A,THR,1,0.16666666666666666,78.15,0.5124590163934427
25,41,T,291.0,0.639526791927627,A,THR,1,0.16666666666666666,34.47,0.2260327868852459
26,44,G,291.0,0.639526791927627,A,GLY,0,0.0,5.640000000000001,0.0640181611804767
27,24,I,289.2,0.6270006958942239,A,ILE,1,0.16666666666666666,122.32,0.6758011049723758
28,59,V,288.8,0.6242171189979123,A,VAL,1,0.16666666666666666,53.18,0.3232826747720365
29,25,K,288.5,0.6221294363256784,A,LYS,1,0.16666666666666666,110.77,0.4905668733392382
30,28,T,285.8,0.6033402922755742,A,THR,2,0.3333333333333333,83.39,0.5468196721311476
31,57,R,284.5,0.5942936673625608,A,ARG,0,0.0,161.16,0.62953125
32,51,P,283.0,0.5838552540013917,A,PRO,3,0.5,72.61,0.4946185286103541
33,9,R,281.5,0.5734168406402227,A,ARG,5,0.8333333333333334,68.92999999999999,0.2692578124999999
34,19,L,280.8,0.5685455810716772,A,LEU,2,0.3333333333333333,45.31,0.2346452615225272
35,34,L,279.8,0.5615866388308978,A,LEU,4,0.6666666666666666,35.39,0.1832729155877783
36,53,A,272.8,0.5128740431454419,A,ALA,1,0.16666666666666666,4.69,0.0397121083827265
37,31,E,269.5,0.4899095337508699,A,GLU,1,0.16666666666666666,100.46,0.5395273899033297
38,64,D,269.5,0.4899095337508699,A,ASP,0,0.0,108.41,0.6831127914303718
39,58,D,269.0,0.48643006263048016,A,ASP,0,0.0,87.87,0.5536862003780719
40,30,T,267.5,0.47599164926931103,A,THR,1,0.16666666666666666,89.47000000000001,0.5866885245901641
41,15,T,267.0,0.4725121781489213,A,THR,1,0.16666666666666666,36.32,0.2381639344262295
42,61,R,264.8,0.45720250521920675,A,ARG,0,0.0,154.45,0.6033203125
43,54,T,263.2,0.44606819763395955,A,THR,0,0.0,99.66,0.6535081967213116
44,62,S,262.8,0.44328462073764796,A,SER,0,0.0,68.0,0.5238828967642527
45,42,K,262.2,0.43910925539318013,A,LYS,1,0.16666666666666666,124.37,0.5507971656333038
46,43,R,257.8,0.4084899095337509,A,ARG,0,0.0,208.50000000000003,0.8144531250000001
47,52,Q,257.5,0.40640222686151706,A,GLN,1,0.16666666666666666,140.23,0.7258281573498965
48,20,P,255.5,0.3924843423799582,A,PRO,0,0.0,139.45,0.9499318801089917
49,17,Q,255.1,0.38970076548364646,A,GLN,0,0.0,137.55,0.7119565217391305
50,21,V,254.5,0.38552540013917885,A,VAL,2,0.3333333333333333,35.470000000000006,0.2156231003039514
51,16,T,253.5,0.37856645789839943,A,THR,0,0.0,124.24,0.8146885245901639
52,8,K,252.0,0.36812804453723036,A,LYS,1,0.16666666666666666,186.38,0.8254207263064658
53,23,R,251.6,0.36534446764091855,A,ARG,0,0.0,189.04,0.7384375
54,18,R,249.1,0.34794711203897005,A,ARG,0,0.0,218.21,0.8523828125
55,7,D,247.8,0.33890048712595694,A,ASP,0,0.0,74.3,0.4681789540012602
56,33,S,244.0,0.3124565066109951,A,SER,0,0.0,111.18999999999998,0.8566255778120183
57,32,G,240.4,0.28740431454418935,A,GLY,0,0.0,73.52000000000001,0.834506242905789
58,22,S,239.9,0.28392484342379964,A,SER,0,0.0,99.18,0.7640986132511555
59,66,K,238.6,0.2748782185107863,A,LYS,0,0.0,172.62,0.7644818423383525
60,6,S,236.2,0.2581767571329157,A,SER,0,0.0,107.93,0.8315100154083205
61,5,V,235.6,0.2540013917884481,A,VAL,0,0.0,132.51,0.805531914893617
62,65,R,235.4,0.2526096033402923,A,ARG,0,0.0,203.56,0.79515625
63,4,E,231.6,0.22616562282533054,A,GLU,0,0.0,166.7,0.8952738990332976
64,67,S,229.6,0.21224773834377172,A,SER,0,0.0,105.74,0.8146379044684129
65,3,S,221.9,0.15866388308977042,A,SER,0,0.0,111.3,0.8574730354391371
66,2,G,219.2,0.1398747390396659,A,GLY,0,0.0,74.55,0.8461975028376845
67,68,N,213.4,0.09951287404314552,A,ASN,0,0.0,139.26,0.8414501510574017
68,69,T,207.6,0.0591510090466249,A,THR,0,0.0,167.91,1.1010491803278688
69,1,V,199.1,0.0,A,VAL,0,0.0,216.59,1.3166565349544073
